birdseed,
birdseye,
birdsnest,
birdsnest-altimeter,
docker-base-java,
docker-base-node,
docker-base-python,
docker-images,
docker-swarm-ansible-playbooks,
docker-tanagra-base,
forge,
forge-build-plans-data-science,
forge-build-plans-ds,
forge-build-plans-fulcrum,
forge-build-plans-fulcrum-tax,
forge-build-plans-ge,
forge-build-plans-gears-arch,
forge-build-plans-gears-tools,
forge-build-plans-ist,
forge-build-plans-ori,
forge-build-plans-rst,
forge-build-plans-sed,
forge-build-plans-tax-notice,
forge-build-plans-txm,
forge-build-plans-umq,
forge-build-plans-usmp,
forge-build-plans-usmp-gwo,
gcp-notes,
helpful-types,
kube-config,
launch-automation,
lexp-perc-k8s,
nest-cron-module,
nestjs-api-reporter,
nestjs-slack,
nest-logging-class,
opengrok,
pcf-emergency-kit,
phoenix-core,
phoenix-deployment-status-query,
phoenix-deployment-worker,
phoenix-notification-worker,
phoenix-orchestrator,
phoenix-scheduler,
phoenix-ui,
prelar-swift-monitor,
representativeVerbatims,
tanagra-airlock,
tanagra-airlock-client,
tanagra-artifactory-resource,
tanagra-config,
tanagra-ctl,
tanagra-flight-plans,
tanagra-models,
tanagra-pipelines,
tanagra-tricorder,
test-app,
tricli,
